,DATE,MD,NY,MSS
0,1975-01-01,61.88,78.43,75.19
1,1975-04-01,62.27,75.78,72.09
2,1975-07-01,65.12,77.46,72.62
3,1975-10-01,66.67,79.92,73.07
4,1976-01-01,67.0,73.26,73.64
5,1976-04-01,69.78,75.01,74.56
6,1976-07-01,70.56,75.66,71.88
7,1976-10-01,71.69,73.99,80.77
8,1977-01-01,72.1,77.78,74.48
9,1977-04-01,73.49,82.95,77.59
10,1977-07-01,76.66,82.38,78.23
11,1977-10-01,77.13,84.68,87.27
12,1978-01-01,81.86,83.37,86.63
13,1978-04-01,83.42,87.77,88.18
14,1978-07-01,85.67,83.99,93.0
15,1978-10-01,88.31,84.03,90.26
16,1979-01-01,91.09,96.35,98.84
17,1979-04-01,94.78,95.97,102.02
18,1979-07-01,96.83,94.81,106.48
19,1979-10-01,98.05,98.16,93.22
20,1980-01-01,100.0,100.0,100.0
21,1980-04-01,103.1,107.16,97.43
22,1980-07-01,104.93,115.04,104.19
23,1980-10-01,107.61,111.31,104.47
24,1981-01-01,110.59,112.24,94.04
25,1981-04-01,112.86,108.41,115.16
26,1981-07-01,111.33,115.63,107.69
27,1981-10-01,114.27,114.33,93.27
28,1982-01-01,106.7,123.4,102.94
29,1982-04-01,108.42,125.24,105.52
30,1982-07-01,106.77,122.47,108.49
31,1982-10-01,110.93,126.5,108.74
32,1983-01-01,113.5,128.81,112.4
33,1983-04-01,115.45,132.86,112.97
34,1983-07-01,116.66,138.31,110.6
35,1983-10-01,118.08,147.21,115.05
36,1984-01-01,118.79,150.73,118.43
37,1984-04-01,122.77,156.6,115.2
38,1984-07-01,124.2,162.2,112.9
39,1984-10-01,124.67,169.2,114.37
40,1985-01-01,126.68,176.29,120.07
41,1985-04-01,128.55,184.64,121.99
42,1985-07-01,130.8,191.24,122.63
43,1985-10-01,131.06,198.8,122.77
44,1986-01-01,133.71,206.65,124.04
45,1986-04-01,137.56,217.26,125.66
46,1986-07-01,141.01,227.14,124.15
47,1986-10-01,144.79,237.28,124.69
48,1987-01-01,148.91,246.72,126.13
49,1987-04-01,153.22,255.4,125.98
50,1987-07-01,160.11,267.06,124.31
51,1987-10-01,162.45,270.91,123.51
52,1988-01-01,167.91,277.32,122.09
53,1988-04-01,173.81,280.81,124.13
54,1988-07-01,179.48,282.93,122.0
55,1988-10-01,183.66,283.69,124.18
56,1989-01-01,188.29,283.47,119.72
57,1989-04-01,193.0,282.93,123.5
58,1989-07-01,196.55,285.92,125.91
59,1989-10-01,199.79,286.62,124.69
60,1990-01-01,202.19,286.65,126.42
61,1990-04-01,202.83,283.4,124.45
62,1990-07-01,203.83,281.76,125.82
63,1990-10-01,202.62,278.72,124.52
64,1991-01-01,204.01,278.39,127.21
65,1991-04-01,206.16,280.2,126.08
66,1991-07-01,205.55,279.35,126.38
67,1991-10-01,209.62,281.62,129.65
68,1992-01-01,210.37,286.84,131.32
69,1992-04-01,209.01,282.91,131.52
70,1992-07-01,210.98,286.04,132.51
71,1992-10-01,211.67,288.06,132.98
72,1993-01-01,211.1,282.77,133.48
73,1993-04-01,211.78,289.42,135.65
74,1993-07-01,212.45,288.51,137.4
75,1993-10-01,213.3,289.63,138.41
76,1994-01-01,213.71,286.33,140.59
77,1994-04-01,211.66,282.46,142.68
78,1994-07-01,209.69,280.95,144.05
79,1994-10-01,207.89,275.78,146.51
80,1995-01-01,207.92,274.46,146.53
81,1995-04-01,210.72,279.18,149.67
82,1995-07-01,213.1,283.84,151.98
83,1995-10-01,214.7,282.95,153.71
84,1996-01-01,217.29,287.7,154.63
85,1996-04-01,214.88,285.97,155.39
86,1996-07-01,213.13,283.97,158.32
87,1996-10-01,215.68,283.75,159.37
88,1997-01-01,216.45,283.78,159.9
89,1997-04-01,215.4,287.2,160.97
90,1997-07-01,217.25,289.67,163.42
91,1997-10-01,219.77,292.63,165.82
92,1998-01-01,222.53,299.11,167.81
93,1998-04-01,222.3,301.4,170.47
94,1998-07-01,223.59,303.71,172.0
95,1998-10-01,225.81,307.82,173.76
96,1999-01-01,228.27,310.13,176.1
97,1999-04-01,229.16,315.9,178.45
98,1999-07-01,231.21,324.84,179.3
99,1999-10-01,233.77,330.96,179.07
100,2000-01-01,238.23,335.72,180.97
101,2000-04-01,240.79,345.87,182.26
102,2000-07-01,245.23,355.94,185.03
103,2000-10-01,249.06,361.41,186.34
104,2001-01-01,254.78,369.56,191.09
105,2001-04-01,259.76,377.73,192.29
106,2001-07-01,266.63,388.13,194.15
107,2001-10-01,270.95,394.96,195.82
108,2002-01-01,277.71,404.62,196.48
109,2002-04-01,286.85,417.46,195.85
110,2002-07-01,295.77,430.12,199.44
111,2002-10-01,301.81,439.39,201.39
112,2003-01-01,307.58,449.22,202.66
113,2003-04-01,314.24,460.12,204.25
114,2003-07-01,323.8,467.2,205.32
115,2003-10-01,341.33,489.16,206.88
116,2004-01-01,350.84,499.42,208.94
117,2004-04-01,367.29,514.21,211.14
118,2004-07-01,394.31,539.24,214.01
119,2004-10-01,407.82,552.92,216.9
120,2005-01-01,426.0,567.53,218.2
121,2005-04-01,451.79,586.45,222.52
122,2005-07-01,475.2,605.64,227.13
123,2005-10-01,494.35,619.32,232.22
124,2006-01-01,507.93,630.36,236.05
125,2006-04-01,518.38,632.18,242.98
126,2006-07-01,525.38,631.55,247.68
127,2006-10-01,532.2,639.62,252.14
128,2007-01-01,533.89,642.77,255.97
129,2007-04-01,534.92,640.69,256.02
130,2007-07-01,527.2,631.46,256.0
131,2007-10-01,524.29,633.41,259.4
132,2008-01-01,516.22,636.81,259.73
133,2008-04-01,498.41,624.73,257.65
134,2008-07-01,478.2,608.47,252.95
135,2008-10-01,470.96,602.83,255.44
136,2009-01-01,466.37,609.96,256.3
137,2009-04-01,448.23,596.87,253.74
138,2009-07-01,437.07,582.61,249.0
139,2009-10-01,429.47,577.48,247.51
140,2010-01-01,426.19,573.67,244.83
141,2010-04-01,420.91,570.15,241.58
142,2010-07-01,426.35,578.2,244.42
143,2010-10-01,422.27,577.98,242.68
144,2011-01-01,409.55,569.28,237.56
145,2011-04-01,401.46,561.19,237.47
146,2011-07-01,407.53,558.77,239.84
147,2011-10-01,409.36,563.07,241.08
148,2012-01-01,403.5,558.77,238.74
149,2012-04-01,399.54,553.09,237.32
150,2012-07-01,404.96,555.0,239.67
151,2012-10-01,406.47,556.9,238.09
152,2013-01-01,406.52,557.5,238.36
153,2013-04-01,410.29,559.08,237.89
154,2013-07-01,411.99,561.87,238.51
155,2013-10-01,412.51,561.24,236.94
156,2014-01-01,413.83,561.63,239.12
157,2014-04-01,420.47,567.33,239.33
158,2014-07-01,423.19,575.78,241.79
159,2014-10-01,426.96,579.07,244.54
160,2015-01-01,429.39,584.63,246.53
161,2015-04-01,432.27,589.2,246.55
162,2015-07-01,432.4,594.5,249.72
163,2015-10-01,433.42,595.27,251.02
164,2016-01-01,437.4,598.49,252.18
165,2016-04-01,442.02,608.31,253.76
166,2016-07-01,447.71,616.4,254.75
167,2016-10-01,449.2,622.03,259.02
168,2017-01-01,447.22,623.94,258.68
169,2017-04-01,455.51,634.24,259.1
170,2017-07-01,459.13,646.75,261.86
171,2017-10-01,461.84,653.15,263.49
172,2018-01-01,464.62,660.05,265.68
173,2018-04-01,468.94,668.11,265.75
174,2018-07-01,469.8,679.24,267.06
175,2018-10-01,467.88,680.03,269.2
176,2019-01-01,472.76,685.18,272.27
177,2019-04-01,480.61,696.85,275.56
178,2019-07-01,485.56,706.63,279.11
179,2019-10-01,487.29,714.17,280.33
180,2020-01-01,492.52,720.81,284.95
181,2020-04-01,497.04,726.8,284.9
182,2020-07-01,503.55,738.7,288.99
183,2020-10-01,512.94,755.28,294.45
184,2021-01-01,523.99,772.94,298.22
185,2021-04-01,548.53,799.46,308.85
186,2021-07-01,570.7,841.13,325.37
